Chin,Sex,Group,Exposed,Click_P1,Click_N1,Click_P2,Click_N2,Click_P3,Click_N3,Click_P4,Click_N4,Click_P5,Click_N5,Click_Threshold,Click_P1_Latency,Click_N1_Latency,Click_P2_Latency,Click_N2_Latency,Click_P3_Latency,Click_N3_Latency,Click_P4_Latency,Click_N4_Latency,Click_P5_Latency,Click_N5_Latency,4k_P1,4k_N1,4k_P2,4k_N2,4k_P3,4k_N3,4k_P4,4k_N4,4k_P5,4k_N5,4k_Threshold,4k_P1_Latency,4k_N1_Latency,4k_P2_Latency,4k_N2_Latency,4k_P3_Latency,4k_N3_Latency,4k_P4_Latency,4k_N4_Latency,4k_P5_Latency,4k_N5_Latency,F2_500,F2_565,F2_638,F2_721,F2_815,F2_921,F2_1041,F2_1176,F2_1329,F2_1502,F2_1698,F2_1918,F2_2168,F2_2449,F2_2768,F2_3128,F2_3535,F2_3994,F2_4513,F2_5100,F2_5763,F2_6513,F2_7359,F2_8316,F2_9397,F2_10619,F2_12000,elicit_dbspl_34,elicit_dbspl_40,elicit_dbspl_46,elicit_dbspl_52,elicit_dbspl_58,elicit_dbspl_64,elicit_dbspl_70,elicit_dbspl_76,elicit_dbspl_82,elicit_dbspl_88,elicit_dbspl_94,Threshold,R_PLV_SAM,R_PLV_SQ50,R_PLV_SQ25
Q403,M,CA,0,0.581649119582332,0.255812774540807,1.18874483371076,-0.341473729549478,1.18874483371076,-0.341473729549478,0.417914482630584,-0.123477647495791,0.417914482630584,-0.776080103544588,27.6670084472158,3.94241009256984,4.16769066928811,4.55681166543786,5.18145326452036,4.55681166543786,5.18145326452036,5.81633488981732,6.1952158597526,5.81633488981732,6.79937740640616,0.52510844544348,0.224714662805786,1.04634815011291,-0.248772342008994,1.04634815011291,-0.248772342008994,1.04634815011291,-0.0814124679013606,0.518909336253243,-0.877311227554916,17.8416684459513,3.93217006635537,4.18817072171705,4.55681166543786,5.14049315966249,4.55681166543786,5.14049315966249,4.55681166543786,5.5091341033833,5.87777504710412,7.37281887441632,NaN,NaN,NaN,NaN,24.93975886,30.39968916,32.08550331,31.51105533,20.53016233,26.44408598,32.4368878,31.97633809,31.01621747,31.58723331,32.7857117,34.12070675,35.1743106,36.99690915,38.5328653,38.54311974,39.96746799,38.93365977,37.68203014,33.94448332,29.053486,21.2313173,12.36996992,0.000839083116706376,0.00177609416985089,0.00375889473108048,0.0079526698023775,0.0168138374651165,0.0354968547161971,0.0747112098880336,0.156246115388174,0.322495937607454,0.648376361313944,1.24049356188322,66.7578017724926,4.342257517759,5.37885204049341,4.10052028218227
Q403,M,CA,2,0.0763510139319966,-0.0059540774658805,0.311415474356587,0.304420243451043,0.311415474356587,0.304420243451043,0.352617546386517,-0.0908579033269209,0.158022314770865,-0.153411032439279,21.6498991436842,4.05505038092898,4.24961087900385,5.01761284508888,5.05857294994675,5.01761284508888,5.05857294994675,5.20193331694929,5.65249447038584,6.04161546653559,6.70721717047596,-0.225683801586191,-0.0125667126122166,-0.110685896179266,-0.490202656701727,-0.485302202213816,-0.490202656701727,0.165145394835653,0.0881157470152489,0.2319033465407,0.0416900665257145,26.0658365348954,3.75808962070943,4.10625051200131,4.80257229458507,5.12001310723355,5.07905300237569,5.12001310723355,5.63201441795691,5.75489473253052,6.66625706561809,7.96674039485541,NaN,NaN,29.37364073,33.80967142,30.7112104,29.64991473,24.83781448,36.4126937,38.49972373,40.3062312,39.75928808,38.23214674,36.11847964,37.57529393,37.69171556,38.56018788,36.97094665,42.079252,43.48392208,44.39535108,46.08213731,43.17510622,41.81339075,40.77114709,36.27510495,30.55353528,19.80383764,9.95317830706328e-06,3.30456378641696e-05,0.00010971452315011,0.000364255583608316,0.00120926684466507,0.00401375821686329,0.0133134955142038,0.0440634769772236,0.144785510594076,0.464773557140155,1.39014043602478,76.6350022071813,5.03845275857256,5.38959827238451,3.82237593679089
Q405,M,CA,0,0.97884454806368,0.078650016982949,1.09036451352952,0.271227638095504,0.666538780656949,0.271227638095504,0.425838095445964,0.278949506644399,0.810167120450673,-0.66706481479336,20.9985397215111,3.8297698042107,4.15745064307365,4.58753174408127,5.25313344802163,5.05857294994675,5.25313344802163,5.52961415581224,5.68321454902925,6.14401572868027,6.86081756369296,1.00881245510673,-0.180954563205886,1.25902794563326,0.444138601266728,1.41704029681153,0.444138601266728,1.41704029681153,0.0189538022588644,0.562453170905321,-0.754576916645406,9.50316065916642,3.8604898828541,4.25985090521832,4.65921192758254,4.92545260915868,5.21217334316376,4.92545260915868,5.21217334316376,5.49889407716884,6.2566560170394,7.36257884820185,NaN,NaN,NaN,17.72886728,NaN,21.58482445,21.85928465,20.76722392,20.69841518,20.91344834,21.85056467,21.53213701,24.4986187,27.06029994,28.9263162,32.31253105,33.60653509,32.9472474,35.93736698,37.14856022,37.60549519,35.60512997,34.98247768,26.98350337,19.60133824,18.36409193,8.307686811,1.13666289879473e-07,5.91858003953416e-07,3.08179066780945e-06,1.60467670897077e-05,8.35537081645936e-05,0.000435022232339237,0.00226406158646031,0.0117594474536149,0.0604442885048959,0.294991957714656,1.15787265647925,81.3000432235043,6.29475123954437,6.57543133975185,5.45229808816896
Q405,M,CA,2,0.249965754883329,0.0182791788507057,0.526357279447604,0.510612834824261,0.526357279447604,0.510612834824261,0.627423490190829,0.273384969020172,0.391125917887291,-0.451760855632893,29.6795288602453,4.10625051200131,4.31105103629065,4.84353239944294,4.80257229458507,4.84353239944294,4.80257229458507,5.4784140247399,5.92897517817646,6.27713606946834,6.8812976161219,0.128060818759941,0.0440329644400708,0.310714823684421,0.0519368737727958,0.178312225786336,0.0519368737727958,0.566682891575669,-0.0938299453185861,0.405216353672629,-0.541471739660244,60.5047357413464,3.98337019742771,4.20865077414598,4.6080117965102,4.93569263537315,4.80257229458507,4.93569263537315,5.36577373638077,5.71393462767265,6.31809617432621,7.6902596870648,NaN,NaN,NaN,25.49972976,28.12399897,31.95409469,29.6502202,28.90359807,28.50252283,33.74121995,34.3966442,32.78329391,26.68631806,30.83709473,33.69007841,40.45157477,40.29715566,39.08942918,32.04789031,38.54883463,42.99691759,43.80714201,45.73136888,41.0873722,33.31204934,25.72055514,21.27797971,3.17300676877338e-06,1.22394523679528e-05,4.72100242267939e-05,0.000182068218017351,0.000701706159033308,0.00269776389656471,0.0102744199894366,0.0377840136341979,0.123522223080568,0.3,0.476477776919432,77.3426876764517,2.33003922113957,3.84084096716739,3.296051356006
Q408,F,CA,0,0.380436455981926,0.102465176878178,0.236621426160642,-0.116455068946529,0.236621426160642,-0.116455068946529,0.121722327509475,-0.231226026586247,-0.217520643037892,-0.292769612651505,31.9733649364014,3.8912099614975,4.13697059064471,4.41345129843532,4.97665274023101,4.41345129843532,4.97665274023101,5.24289342180716,5.71393462767265,5.84705496846072,7.10657819284017,0.329473235962439,0.0593096863077172,0.118271058902164,0.0726034521141418,0.334498671506924,0.0726034521141418,0.334498671506924,-0.488140223589844,-0.0585781081214903,-0.516872662918971,25.3352863027381,3.70688948963709,4.23937085278938,4.71041205865487,4.84353239944294,5.20193331694929,4.84353239944294,5.20193331694929,5.64225444417138,6.05185549275006,7.17825837634144,NaN,NaN,NaN,NaN,NaN,27.43473494,27.32966239,27.55274736,NaN,34.63846372,33.78220567,33.08266362,33.36636248,36.090668,28.88622933,36.4910943,39.99791453,39.44517057,39.29488729,43.54908441,44.68152784,41.49381413,39.75826701,37.20439438,31.02632044,23.66116766,12.06001885,0.00456784914084802,0.00716187680483228,0.0112272985445329,0.0175962138479309,0.0275676398947238,0.0431642223450353,0.0675224366879535,0.105474649253694,0.164390719830986,0.255331138337912,0.394476270724464,65.9696876260449,5.51758352766528,4.51026755615498,4.06225576101452
Q408,F,CA,2,0.372962130529859,-0.0336712658917493,0.817674673740636,0.817763059610571,0.817674673740636,0.817763059610571,0.876612782225956,0.463430596921138,0.729243490027276,-0.0353860644906583,28.4620397752795,3.68640943720816,4.22913082657492,5.09953305480462,5.13025313344802,5.09953305480462,5.13025313344802,5.26337347423609,5.61153436552798,5.92897517817646,7.19873842877038,0.221023884294392,-0.036452676343331,0.238581995066238,0.0650923999343261,0.238581995066238,0.0650923999343261,0.912778209213658,0.0523046638155724,0.635323280470906,-0.431366898783864,12.8185065838879,3.87072990906857,4.32129106250512,4.65921192758254,4.86401245187188,4.65921192758254,4.86401245187188,5.30433357909396,5.93921520439092,6.47169656754321,7.50593921520439,NaN,NaN,NaN,NaN,NaN,27.70859079,27.23689234,29.09956841,27.00917338,27.17649845,26.99142124,NaN,26.46991223,31.54147307,32.75701772,31.79545781,34.18312656,35.07152999,40.88977947,44.45128047,44.92633339,43.8938859,43.35571924,44.1367056,35.06992081,32.4917786,23.91155803,3.7994452029977e-08,2.6705103116469e-07,1.87701322958116e-06,1.31926907628306e-05,9.27150116319625e-05,0.000651058335871568,0.00454634476071649,0.0305588821517661,0.164331011243533,0.435668988756468,0.569441117848234,77.6218606990819,3.67964263473678,3.83071762993438,3.80842893572409
Q409,F,CA,0,0.729682669426536,0.138258587392151,0.852132343673114,0.27022934899606,0.758827465719985,0.27022934899606,0.758827465719985,0.215509369845975,0.589321264019031,-0.582371167344495,23.4374218026909,3.8604898828541,4.17793069550258,4.7308921110838,5.33505365773736,5.55009420824117,5.33505365773736,5.55009420824117,5.82657491603179,6.18497583353813,7.05537806176784,0.967222749050393,-0.0235547620873863,1.0693447542964,0.709860815167588,1.0693447542964,0.709860815167588,1.45730358121476,0.123657955861016,0.739775976172923,-0.780202475790192,17.0408914151332,3.77856967313836,4.18817072171705,4.61825182272467,4.79233226837061,4.61825182272467,4.79233226837061,5.09953305480462,5.86753502088965,6.15425575489473,7.19873842877038,NaN,NaN,NaN,NaN,22.15630016,21.93969,25.68480096,29.97059141,30.19628052,30.80249533,29.92616629,25.93793738,28.91125199,32.22363919,37.76143375,39.72468072,37.438992,41.14207395,36.7602254,42.53893521,45.49527086,42.92137906,41.43630254,40.93868754,37.01951527,34.48143091,22.07832987,0.000814404201509129,0.00172385610603175,0.00364833900369576,0.0077187677493664,0.0163193128337895,0.0344528295774854,0.072513821361915,0.151650641406169,0.313010762971941,0.629306468334123,1.20400845712195,66.9984214143908,4.53501977748502,6.00529090705267,5.34726503167826
Q409,F,CA,2,0.207725894890476,0.0662634371321282,0.529507854416393,0.456062756607407,0.529507854416393,0.181413801527538,0.50514960176896,0.221978694788041,0.417831041301133,-0.241794102054475,28.5138691835736,3.7683296469239,4.34177111493405,4.89473253051528,4.78209224215614,4.89473253051528,5.18145326452036,5.4784140247399,5.82657491603179,6.37953633161301,6.86081756369296,0.133834170208353,0.00407505703738911,0.338365402696445,0.0953031543146271,0.135402594056368,0.0953031543146271,0.501346620895012,0.0789140764831755,0.399036939681264,-0.295636525638279,22.9464345658352,3.87072990906857,4.22913082657492,4.62849184893913,4.99713279265995,4.93569263537315,4.99713279265995,5.4169738674531,5.74465470631605,6.43073646268534,7.6595396084214,NaN,NaN,31.39689812,30.75462093,30.67973942,32.76043285,30.91772568,31.55175513,31.66423571,32.09174026,31.68934402,30.91492629,30.87614224,35.94058794,36.69364538,38.11683396,38.06345216,39.20794883,39.6648352,40.43372278,40.15841992,36.79380688,35.86994899,32.72036628,26.15246043,20.66284623,11.76655423,1.7437206169079e-12,3.01450616151477e-11,5.21141248517266e-10,9.00937613601381e-09,1.5575210630353e-07,2.69260160424091e-06,4.65470677258539e-05,0.000804085935629235,0.0137211592825189,0.19387893782386,0.80612106217614,84.8011810964917,3.847008094515,3.21972691282949,3.36992994591727
Q406,M,TTS,0,0.518149481724324,0.432691436424817,0.705038552750926,0.558510257406398,0.831030381619157,-0.23175376430424,0.831030381619157,-0.23175376430424,0.472176302875331,-0.538771376185678,30.3128742260992,3.93217006635537,4.16769066928811,4.68993200622594,4.90497255672974,5.30433357909396,5.85729499467519,5.30433357909396,5.85729499467519,6.30785614811174,6.90177766855083,0.800145218418938,0.171724794106512,1.01979764177653,0.171724794106512,1.01979764177653,0.171724794106512,1.02276764329698,-0.574522190396757,0.494721703604401,-0.506456088936199,2.12635898062184,3.88096993528303,4.37249119357746,5.24289342180716,4.37249119357746,5.24289342180716,4.37249119357746,5.26337347423609,5.82657491603179,6.24641599082494,6.9120176947653,NaN,NaN,NaN,25.23493732,29.86988032,34.99394141,33.02417152,33.72625294,33.7524329,34.70509904,34.41921689,35.24646955,37.66782314,37.86528438,37.7450212,41.54429874,37.72256804,39.45223163,40.13720218,42.30049933,44.05204201,41.27367125,41.50354928,39.72007341,38.6764669,37.80942534,25.24132604,3.40998869638419e-07,1.77557401186025e-06,9.24537200342836e-06,4.8140301269123e-05,0.000250661124493781,0.00130506669701771,0.00679218475938093,0.0352783423608446,0.181332865514688,0.884975873143968,3.47361796943775,77.2729090273403,3.26994182333567,6.1795063786199,6.5672140528313
Q406,M,TTS,1,NaN,NaN,NaN,NaN,NaN,NaN,NaN,NaN,NaN,NaN,NaN,NaN,NaN,NaN,NaN,NaN,NaN,NaN,NaN,NaN,NaN,NaN,NaN,NaN,NaN,NaN,NaN,NaN,NaN,NaN,NaN,NaN,NaN,NaN,NaN,NaN,NaN,NaN,NaN,NaN,NaN,NaN,NaN,NaN,NaN,NaN,NaN,NaN,18.07036767,22.12028637,22.66197994,25.30885052,26.89462818,26.94675849,31.62780334,33.46344681,32.26581826,33.33804572,30.13884867,34.48753518,32.32757591,35.7068781,36.94663167,34.73024895,33.1168256,31.50621227,28.16012976,24.36414284,13.68823779,0.00132666872861664,0.00280682463613324,0.00593429557592346,0.0125283016645402,0.0263686623134236,0.0551456877840615,0.11382209562616,0.228838715757863,0.437821257135255,0.769971121979057,1.2,63.1988191863195,NaN,NaN,NaN
Q406,M,TTS,2,0.889024108031354,-0.0113960681226565,1.41498088843435,1.37811140692943,1.38159053134287,-0.0921042948815335,0.679218518209539,0.304060188496416,-0.0450885078814241,-0.819775956580761,14.9687623347587,3.7990497255673,4.17793069550258,4.59777177029573,4.6387318751536,4.65921192758254,4.98689276644548,5.21217334316376,5.4784140247399,6.00065536167773,6.79937740640616,0.433903460515613,0.010637728526696,0.491192878772239,0.440207806141824,0.491192878772239,0.175978458203747,0.686161546644124,-0.0332159435222392,0.197753242557077,-0.583553980197053,12.8970416237495,3.7990497255673,4.33153108871959,4.61825182272467,4.5772917178668,4.61825182272467,4.83329237322847,5.25313344802163,5.76513475874498,6.45121651511428,7.33185876955845,NaN,NaN,NaN,23.06566355,27.40662218,31.7106764,29.74933978,32.04050782,31.95245152,32.56867196,33.47425321,32.79896249,34.18477763,37.79662815,37.74001772,41.66504447,40.67234763,41.51332402,40.8946565,45.09515838,46.64656615,42.7305357,41.91269187,41.20726452,39.49673641,36.95038822,27.33787746,0.000859309214210318,0.00156564580890696,0.00285240208227184,0.00519611918708184,0.00946364570880499,0.0172296260594324,0.0313471886896854,0.0569621340208906,0.103277260727576,0.186498873900328,0.33436917916278,74.6889138314541,5.27063176563274,6.27872561615515,4.75913858887467
Q407,M,TTS,0,0.587421966165917,0.00756605788919803,0.667029911031126,0.710166308997647,0.701436781388964,0.679824166907217,0.36350840032507,0.332758008413167,0.356761389377073,-0.281820815072718,37.2008398061489,4.03457032850004,4.27009093143278,4.87425247808634,5.24289342180716,5.22241336937823,5.4169738674531,5.77537478495945,5.88801507331859,6.00065536167773,6.89153764233636,0.338715345142362,-0.0810786567574804,0.724603789337443,0.0883160375796251,0.724603789337443,0.0832977509569361,1.04842284913173,-0.0842207311555169,0.458631578072835,-0.262730739902344,21.5889338863089,3.75808962070943,4.29057098386172,4.5772917178668,4.86401245187188,4.5772917178668,4.90497255672974,5.26337347423609,6.12353567625133,6.44097648889981,7.28065863848611,NaN,NaN,NaN,NaN,NaN,23.80826137,21.82998735,22.50350834,24.79471353,26.78163139,27.1336659,24.22141453,26.98918308,30.5191521,28.41362573,28.39558758,29.39136276,28.99418599,28.46658703,32.07249583,35.0851422,35.13746683,33.60323184,29.51939661,21.79452181,13.1062437,0.5044423804,NaN,NaN,NaN,NaN,NaN,NaN,NaN,NaN,NaN,NaN,NaN,NaN,2.95247590731206,4.18939337912567,4.31645028124945
Q407,M,TTS,1,NaN,NaN,NaN,NaN,NaN,NaN,NaN,NaN,NaN,NaN,NaN,NaN,NaN,NaN,NaN,NaN,NaN,NaN,NaN,NaN,NaN,NaN,NaN,NaN,NaN,NaN,NaN,NaN,NaN,NaN,NaN,NaN,NaN,NaN,NaN,NaN,NaN,NaN,NaN,NaN,NaN,NaN,NaN,NaN,NaN,NaN,NaN,NaN,NaN,NaN,NaN,NaN,17.51977197,17.11503129,17.8896403,21.03455606,20.5024008,19.54501367,19.43567693,17.24690081,11.74673104,8.589633978,5.253210997,11.80970724,7.820782671,2.248766806,NaN,NaN,NaN,NaN,NaN,NaN,NaN,NaN,NaN,NaN,NaN,NaN,NaN,NaN,NaN,NaN,NaN,NaN
Q407,M,TTS,2,0.60950982440132,0.603875331253308,1.35676975798002,0.347681013057218,1.35676975798002,0.527125151514755,0.605319085910761,0.335308979463029,1.01450289451545,-0.547808041022877,29.5720255277396,4.04481035471451,4.07553043335791,5.07905300237569,4.79233226837061,5.07905300237569,5.59105431309904,5.73441468010158,5.94945523060539,6.2566560170394,6.87105758990743,0.378061678735689,0.00341342335372655,0.636611606502928,0.745402434215495,0.776362573653786,0.791719312749765,0.912223081848029,0.472541926953817,1.6093868222981,-0.551692905291316,18.6615926253003,3.91169001392644,4.43393135086426,4.97665274023101,5.15073318587696,5.20193331694929,5.22241336937823,5.31457360530843,6.09281559760793,6.38977635782748,7.16801835012698,NaN,NaN,NaN,NaN,NaN,23.64095307,22.55739388,22.67000601,27.50601584,29.63972156,30.19969122,27.82856693,28.80814043,32.76979482,33.2581021,34.50168096,35.94850454,34.53144342,32.80528474,35.3159442,37.1515824,36.75265818,34.67342485,26.92157781,14.19861241,9.280500442,11.12699145,NaN,NaN,NaN,NaN,NaN,NaN,NaN,NaN,NaN,NaN,NaN,NaN,2.85506891086627,4.74259336219521,4.38306436364743
Q410,F,TTS,0,1.2285802679963,0.239859381693578,1.06089828407337,0.455619600541332,0.494562410186904,-0.0701622890726268,0.871800487027192,0.0573208960048987,1.04761745176767,-1.57190905227683,28.9644767440845,4.01409027607111,4.30081101007619,4.6080117965102,4.86401245187188,4.89473253051528,5.13025313344802,5.43745391988204,5.75489473253052,6.1644957811092,6.99393790448104,1.30654985152844,0.0478263319999082,0.461677121423451,0.333459743945681,0.461677121423451,0.175741268045417,1.0952706678095,-0.200950311602766,0.689536815131878,-1.54953495298286,12.8800728015669,4.02433030228557,4.35201114114852,4.58753174408127,4.67969198001147,4.58753174408127,4.81281232079954,5.39649381502417,5.83681494224625,6.26689604325387,6.8505775374785,25.7626136,27.64880244,29.49291868,32.87582987,32.44011142,35.16544218,33.80984793,33.8577941,33.55011978,35.01556314,34.38068344,32.06350399,32.61120374,35.75164379,38.1941783,37.56175247,35.63438642,38.62004821,41.40231164,35.84499322,43.28416534,43.11221869,45.0666126,42.10772058,39.07363905,36.2276084,26.68897052,0.000644563917099214,0.00136441256703551,0.00288788231211417,0.00611105311078219,0.0129254903269082,0.0273113796187927,0.0575870336357422,0.120888577009792,0.251453435754151,0.513354852661181,1.0105282255035,68.8617613054806,3.54932341729779,5.6554836895446,5.56404171499293
Q410,F,TTS,1,NaN,NaN,NaN,NaN,NaN,NaN,NaN,NaN,NaN,NaN,NaN,NaN,NaN,NaN,NaN,NaN,NaN,NaN,NaN,NaN,NaN,NaN,NaN,NaN,NaN,NaN,NaN,NaN,NaN,NaN,NaN,NaN,NaN,NaN,NaN,NaN,NaN,NaN,NaN,NaN,NaN,NaN,NaN,NaN,NaN,NaN,NaN,23.47650376,27.09333165,29.78836041,29.99681589,33.06230018,34.39774779,33.53708865,32.75561078,34.9972715,33.24376707,36.16528169,34.31701098,29.17448116,34.02946459,35.26770698,34.00562592,31.4642303,31.12304443,26.36221519,16.95088816,11.00581713,10.70786718,0.00359360258142009,0.00562440406455228,0.00879271623967491,0.0137211592825189,0.0213525561610206,0.0330859783887041,0.0509314702529435,0.0776294625564884,0.116602969161139,0.171504769975401,0.245085013132372,69.7408136111141,NaN,NaN,NaN
Q410,F,TTS,2,0.41363431216074,0.265638662149917,0.763794339462892,0.0959614024919488,0.741792413551595,0.0830348979357152,0.470668226048889,0.251037258233367,0.450810836969367,-0.495317167757816,17.0270949871147,3.7990497255673,3.99361022364217,4.39297124600639,4.76161218972721,5.07905300237569,5.4476939460965,5.91873515196199,6.09281559760793,6.46145654132875,6.92225772097977,0.586635302159793,-0.126164129687451,0.791587293822647,0.782764844828712,0.817153607596285,0.782764844828712,0.817153607596285,-0.312672267789322,0.740460924548893,-0.691165864101998,5,3.99361022364217,4.40321127222086,4.79233226837061,4.81281232079954,4.86401245187188,4.81281232079954,4.86401245187188,5.80609486360285,6.26689604325387,7.10657819284017,NaN,NaN,NaN,24.55902847,27.09317048,26.00458951,27.62808943,30.93436391,31.36998698,32.09826194,31.04246138,27.20089082,29.29560386,30.76789672,36.51805801,37.1680785,37.23252128,33.51820695,39.12809194,40.68459271,38.54369442,35.67860016,37.4489952,34.68981585,30.70086354,20.53324176,20.62662511,1.0033021054541e-06,3.33107599115421e-06,1.10595142839865e-05,3.67183571038585e-05,0.000121903469315586,0.000404670186419932,0.00134285190090605,0.00445072168194259,0.0146926280756878,0.0478745884383585,0.14971085368906,88.2232596925529,3.73837584771923,5.52180951580358,4.68843799649147
Q411,F,TTS,0,0.77109625483624,-0.185713313224046,0.646362297626427,-0.402629592938897,0.646362297626427,-0.402629592938897,-0.227089532728656,-1.00326457254034,0.41854538149341,-0.71826648870737,23.7837264287458,3.80928975178176,4.22913082657492,4.5772917178668,4.90497255672974,4.5772917178668,4.90497255672974,5.10977308101909,5.34529368395183,5.82657491603179,6.45121651511428,0.77126978040937,-0.365304589459403,0.523918941798879,-0.149809035995233,0.523918941798879,-0.149809035995233,0.516473317986987,-1.38762174453869,0.783050504553672,-0.857844931009698,12.5352095383525,3.77856967313836,4.20865077414598,4.5772917178668,4.86401245187188,4.5772917178668,4.86401245187188,5.09953305480462,5.43745391988204,5.89825509953306,6.34881625296961,NaN,NaN,28.79419177,30.47399615,32.71686453,33.67546481,31.99804902,32.12983546,31.96601285,34.53355912,35.04220838,33.82063845,33.31191382,35.86860945,37.45419394,34.8679173,40.24398036,36.13610822,41.90896842,44.75837354,47.42424054,47.05061204,46.11700419,39.4646107,37.98936321,36.93196112,30.86095826,5.73248693949377e-08,4.02918539555885e-07,2.83198566867754e-06,1.99050008973398e-05,0.000139899037586733,0.00098296119596652,0.00689190997368095,0.047616733761786,0.298928059649799,1.2,2.1010719403502,76.1533919947383,3.26692168528629,5.33495576844665,4.90320604835591
Q411,F,TTS,1,NaN,NaN,NaN,NaN,NaN,NaN,NaN,NaN,NaN,NaN,NaN,NaN,NaN,NaN,NaN,NaN,NaN,NaN,NaN,NaN,NaN,NaN,NaN,NaN,NaN,NaN,NaN,NaN,NaN,NaN,NaN,NaN,NaN,NaN,NaN,NaN,NaN,NaN,NaN,NaN,NaN,NaN,NaN,NaN,NaN,NaN,NaN,NaN,NaN,NaN,NaN,NaN,NaN,NaN,10.6349603,21.276642,25.05985813,26.58106326,23.39103231,17.0430905,22.21130214,19.25960038,27.49222146,27.44189806,25.54398312,NaN,8.472044979,-4.414174383,NaN,0.000117064156198284,0.000247821220031251,0.000524621390950248,0.00111055118387609,0.00235071287186147,0.0049750077323124,0.0105255923854996,0.022253608409713,0.0469811312420256,0.0988824836753386,0.206796329190231,82.500913553274,NaN,NaN,NaN
Q411,F,TTS,2,1.1114064388138,0.518993062862964,1.61199932745722,0.145911498924244,1.61199932745722,-0.142558583108613,1.61199932745722,-0.176766577381541,0.639986143342174,-0.553299671724967,16.4118649264881,3.77856967313836,4.35201114114852,5.03809289751782,4.67969198001147,5.03809289751782,5.3862537888097,5.03809289751782,5.78561481117392,6.27713606946834,7.0041779306955,1.28232018603224,-0.187776226602017,1.42166532507542,1.43624356967658,1.43755273985168,1.43624356967658,1.69055222885264,-0.698491774774587,0.623574879915285,-0.733509857169177,6.39445615587218,3.77856967313836,4.17793069550258,4.5465716392234,4.56705169165233,4.58753174408127,4.56705169165233,5.19169329073482,5.62177439174244,6.12353567625133,7.49569918898992,NaN,NaN,NaN,NaN,NaN,NaN,NaN,24.22443624,NaN,NaN,30.08664573,32.56273014,36.01831034,36.86828996,33.88068155,34.11371387,26.76411436,22.61786623,25.83835178,25.07434766,20.83904815,31.29769756,38.08189646,38.80372352,39.53085927,36.48563431,23.65027063,5.75530638285587e-08,2.57934930664235e-07,1.15598402984999e-06,5.18075838563941e-06,2.32184958816888e-05,0.000104057027731808,0.000466330125289109,0.00208952255276576,0.00935608212044412,0.0417610055484672,0.183818959280205,88.7243831911191,3.39036021158995,4.91669691397964,4.78869198585558
